{"cameraMode":{"drawMode":0,"name":"Shaded","section":"Shading Mode"},"sceneLighting":true,"audioPlay":false,"sceneViewState":{"showFog":true,"showMaterialUpdate":false,"showSkybox":true,"showFlares":true,"showImageEffects":true,"showParticleSystems":true},"in2DMode":false,"pivot":{"x":1404.5704345703125,"y":-10.84246826171875,"z":-48.5399169921875},"rotation":{"x":0.13390661776065827,"y":-0.1983548402786255,"z":0.027367033064365388,"w":0.9705542325973511},"size":3390.449951171875,"orthographic":false}