{"cameraMode":{"drawMode":0,"name":"Shaded","section":"Shading Mode"},"sceneLighting":true,"audioPlay":false,"sceneViewState":{"showFog":true,"showMaterialUpdate":false,"showSkybox":true,"showFlares":true,"showImageEffects":true,"showParticleSystems":true},"in2DMode":false,"pivot":{"x":358.7830505371094,"y":346.7279968261719,"z":0.14167028665542603},"rotation":{"x":-0.016886191442608835,"y":-0.8613684177398682,"z":0.028695300221443178,"w":-0.5068885087966919},"size":1648.7947998046875,"orthographic":false}