{"cameraMode":{"drawMode":0,"name":"Shaded","section":"Shading Mode"},"sceneLighting":true,"audioPlay":false,"sceneViewState":{"showFog":true,"showMaterialUpdate":false,"showSkybox":true,"showFlares":true,"showImageEffects":true,"showParticleSystems":true},"in2DMode":false,"pivot":{"x":0.224668487906456,"y":-0.015984203666448594,"z":0.07550223916769028},"rotation":{"x":0.059660062193870547,"y":-0.56734299659729,"z":0.041263774037361148,"w":0.8202804327011108},"size":0.10896260291337967,"orthographic":false}