{"cameraMode":{"drawMode":0,"name":"Shaded","section":"Shading Mode"},"sceneLighting":true,"audioPlay":false,"sceneViewState":{"showFog":true,"showMaterialUpdate":false,"showSkybox":true,"showFlares":true,"showImageEffects":true,"showParticleSystems":true},"in2DMode":false,"pivot":{"x":-21.57246971130371,"y":-36.89115524291992,"z":17.699363708496095},"rotation":{"x":-0.45612508058547976,"y":0.316485196352005,"z":-0.1776616871356964,"w":-0.8125413656234741},"size":59.680782318115237,"orthographic":false}