{"cameraMode":{"drawMode":0,"name":"Shaded","section":"Shading Mode"},"sceneLighting":false,"audioPlay":false,"sceneViewState":{"showFog":true,"showMaterialUpdate":false,"showSkybox":true,"showFlares":true,"showImageEffects":true,"showParticleSystems":true},"in2DMode":false,"pivot":{"x":81.60980987548828,"y":6.986098289489746,"z":-6.358074188232422},"rotation":{"x":-0.2643008828163147,"y":-0.1854282170534134,"z":0.051859427243471149,"w":-0.9450249075889587},"size":12.166083335876465,"orthographic":false}