{"cameraMode":{"drawMode":0,"name":"Shaded","section":"Shading Mode"},"sceneLighting":true,"audioPlay":false,"sceneViewState":{"showFog":true,"showMaterialUpdate":false,"showSkybox":true,"showFlares":true,"showImageEffects":true,"showParticleSystems":true},"in2DMode":false,"pivot":{"x":-16.32463264465332,"y":-46.26927185058594,"z":3.897779941558838},"rotation":{"x":0.3334906995296478,"y":0.6117677688598633,"z":-0.6434117555618286,"w":0.31708911061286929},"size":207.0723876953125,"orthographic":false}